Number of Tosses,Probability of Coin Flip,100%,Geometric Distribution
1,0.5,1,0.5
2,0.5,1,0.25
3,0.5,1,0.125
4,0.5,1,0.0625
5,0.5,1,0.03125
6,0.5,1,0.015625
7,0.5,1,0.0078125
8,0.5,1,0.00390625
9,0.5,1,0.001953125
10,0.5,1,0.000976563
